"Gene,Function,Mutations,Expression,Protein_Structure"
"BRCA1,DNA repair and tumor suppression,""185delAG, 5382insC, C61G"",""High in breast, ovary, prostate"",""1JNX"""
"TP53,Tumor suppressor,""R175H, R248Q, R273H"",""High in colon, lung, liver"",""1TUP"""
"CFTR,Chloride ion transport,""ΔF508, G551D"",""High in lungs, pancreas"",""5UAK"""
"EGFR,Cell growth signaling receptor,""L858R, T790M"",""High in lung, brain, skin"",""2ITY"""
"APOE,Cholesterol metabolism,""E2, E3, E4 variants"",""High in brain, liver"",""1GS9"""
"BRCA2,DNA repair,""6174delT, 999del5"",""High in breast, ovary, prostate"",""1MIU"""
"KRAS,Signal transduction,""G12D, G13D, Q61H"",""High in pancreas, colon"",""4LUC"""
"MYC,Transcription factor,""Amplification, T58A"",""High in lymph, liver"",""6G6K"""
"LDLR,Lipid metabolism receptor,""D206E, C646Y"",""High in liver, adrenal"",""3P5B"""
"MTHFR,Folate metabolism,""C677T, A1298C"",""High in liver, kidney"",""6FCX"""
